Sample Nr,Date sampled,Time,Month,Location,Country,Sample description,Sample type,Coordinate 1,Coordinate 2,T [C],pH,EC [microS/cm],TDS    [mg/L],NO+3-N [mg/L]  ,PO3-4-P [mg/L],Fe [mg/L]  
1,26-04-19,11:10,4,BAL,KZ,UA101,reservoir,43.05687,76.98622,5,8.3,130,60,0.6,0.033,
2,26-04-19,12:40,4,FPP,KZ,UA102,streamwater,43.19164,76.89008,6,8.2,190,90,0.76,0.015,
3,26-04-19,13:40,4,Darhan,KZ,UA103,streamwater,43.31162,76.86975,9,8,280,140,1.33,0.018,
4,26-04-19,15:23,4,Kazcik,KZ,UA104,streamwater,43.39003,76.88078,11,8.2,320,150,1.44,0.001,
5,26-04-19,17:11,4,Kosozen (UA),KZ,UA105,streamwater,43.56118,76.90803,14,8.2,530,260,1.45,0.026,
6,26-04-19,17:29,4,Kaskelen (Kas),KZ,Kas106,streamwater,43.56196,76.89783,14,8.2,620,310,0.54,0.026,
7,26-04-19,20:10,4,Arna village,KZ,Kas107,streamwater,43.7784,77.13354,15,8.2,710,350,0.36,0.017,
8,26-04-19,21:14,4,Groundwater (springwater),KZ,G109,groundwater,,,14,8.3,210,100,2.56,0.049,
9,26-04-19,18:25,4,AgroBioCenter,KZ,G108,groundwater,43.46581,76.97755,12,8.1,290,140,1.74,0.004,
10,17-05-19,06:15,5,BAL,KZ,UA101,reservoir,43.05687,76.98622,5,8.2,130,60,0.54,0.005,
11,17-05-19,08:15,5,FPP,KZ,UA102,streamwater,43.19164,76.89008,6,8.2,190,90,0.78,0.003,
12,17-05-19,09:10,5,Darhan,KZ,UA103,streamwater,43.31162,76.86975,10,8,340,170,1.63,0.003,0
13,17-05-19,10:05,5,Kazcik,KZ,UA104,streamwater,43.39003,76.88078,17,8.1,440,220,0.95,0,0.01
14,17-05-19,11:40,5,Kosozen (UA),KZ,UA105,streamwater,43.56118,76.90803,19,8.4,650,320,3.81,0.005,0.12
15,17-05-19,12:10,5,Kaskelen (Kas),KZ,Kas106,streamwater,43.56196,76.89783,17,8.4,750,370,2.07,0.032,0
16,17-05-19,15:00,5,Arna village,KZ,Kas107,streamwater,43.7784,77.13354,21,8.4,670,330,2.67,0.035,0
17,17-05-19,16:10,5,AgroBioCenter,KZ,G108,groundwater,43.46581,76.97755,14,8.3,200,100,0.57,0.018,0
18,17-05-19,14:25,5,Kapshagay,KZ,Kapshagay,reservoir,43.79377,77.14736,23,8,960,470,0.16,0.002,0.03
19,30-05-19,06:34,5,BAL,KZ,UA101,reservoir,43.05687,76.98622,7,8.1,140,60,0.56,0,0
20,30-05-19,07:46,5,FPP,KZ,UA102,streamwater,43.19164,76.89008,8,8.1,180,90,0.65,0.01,0.01
21,30-05-19,08:45,5,Darhan,KZ,UA103,streamwater,43.31162,76.86975,11,8,250,120,1.12,0,0.01
22,30-05-19,09:30,5,Kazcik,KZ,UA104,streamwater,43.39003,76.88078,19,8.2,460,230,1.25,0.006,0.01
23,30-05-19,10:30,5,Kosozen (UA),KZ,UA105,streamwater,43.56118,76.90803,20,8.3,640,320,3.2,0.011,0
24,30-05-19,10:50,5,Kaskelen (Kas),KZ,Kas106,streamwater,43.56196,76.89783,20,8.4,780,390,1.86,0.024,0
25,30-05-19,12:15,5,Arna village,KZ,Kas107,streamwater,43.7784,77.13354,22,8.3,800,390,2.36,0.032,0
26,30-05-19,13:12,5,AgroBioCenter,KZ,G108,groundwater,43.46581,76.97755,13,8.2,220,110,0.57,0.016,0
27,29-05-19,16:56,5,upstream of Almaty city,KZ,KA101,streamwater,43.17401,77.01527,15,8.1,210,100,0.86,0.005,0.02
28,29-05-19,17:55,5,"city, Makataeva-Kopernika str. Crossing",KZ,KA102,streamwater,43.25161,76.95948,17,8.3,220,110,4.02,0.013,0.01
29,29-05-19,19:30,5,Otegen Batyr village,KZ,KA103,streamwater,43.4063,77.01521,19,8.1,680,340,0.95,0,0.01
30,11-06-19,06:59,6,BAL,KZ,UA101,reservoir,43.05687,76.98622,7,8.1,130,60,0.95,0.004,0.02
31,11-06-19,09:36,6,FPP,KZ,UA102,streamwater,43.19164,76.89008,8,8.2,170,80,0.97,0.009,0.02
32,11-06-19,10:31,6,Darhan,KZ,UA103,streamwater,43.31162,76.86975,13,8.2,210,100,2.72,0.029,0.03
33,11-06-19,11:09,6,Kazcik,KZ,UA104,streamwater,43.39003,76.88078,15,8.2,260,130,0.9,0.004,0.01
34,11-06-19,12:17,6,Kosozen (UA),KZ,UA105,streamwater,43.56118,76.90803,19,8.3,350,170,1.47,0.005,0.01
35,11-06-19,13:05,6,Kaskelen (Kas),KZ,Kas106,streamwater,43.56196,76.89783,18,8.3,600,300,1.31,0.022,0.01
36,11-06-19,14:35,6,Arna village,KZ,Kas107,streamwater,43.7784,77.13354,21,8.4,560,280,1.67,0.018,0.01
37,11-06-19,15:32,6,AgroBioCenter,KZ,G108,groundwater,43.46581,76.97755,13,8.4,200,100,0.58,0.012,0.01
38,12-06-19,10:23,6,upstream of Almaty city,KZ,KA101,streamwater,43.17401,77.01527,8,8.2,180,80,0.68,0.012,0.02
39,12-06-19,11:02,6,"city, Makataeva-Kopernika str. Crossing",KZ,KA102,streamwater,43.25161,76.95948,10,8.3,210,100,0.59,0.008,0.01
40,12-06-19,11:56,6,Otegen Batyr village,KZ,KA103,streamwater,43.4063,77.01521,15,8.2,540,260,0.93,0.008,0.02
41,25-06-19,05:55,6,BAL,KZ,UA101,reservoir,43.05687,76.98622,8,8.3,130,60,0.6,,0.01
42,25-06-19,08:00,6,FPP,KZ,UA102,streamwater,43.19164,76.89008,9,8.2,150,70,0.65,0.013,0.01
43,25-06-19,08:55,6,Darhan,KZ,UA103,streamwater,43.31162,76.86975,15,8.3,200,100,0.89,0.01,0.01
44,25-06-19,10:00,6,Kazcik,KZ,UA104,streamwater,43.39003,76.88078,18,8.2,280,140,0.86,0.005,0.01
45,25-06-19,11:05,6,Kosozen (UA),KZ,UA105,streamwater,43.56118,76.90803,22,8.5,430,210,2.15,0.004,0.03
46,25-06-19,11:35,6,Kaskelen (Kas),KZ,Kas106,streamwater,43.56196,76.89783,20,8.4,490,240,1.38,0.029,0.01
47,25-06-19,13:08,6,Arna village,KZ,Kas107,streamwater,43.7784,77.13354,25,8.4,550,270,1.85,0.02,0.01
48,25-06-19,14:05,6,AgroBioCenter,KZ,G108,groundwater,43.46581,76.97755,14,8.4,200,100,0.55,0.022,0.01
49,27-06-19,10:18,6,upstream of Almaty city,KZ,KA101,streamwater,43.17401,77.01527,10,8.1,180,90,0.87,0.008,0.01
50,27-06-19,10:51,6,"city, Makataeva-Kopernika str. Crossing",KZ,KA102,streamwater,43.25161,76.95948,14,8.3,200,100,0.88,0.006,0.01
51,27-06-19,12:05,6,Otegen Batyr village,KZ,KA103,streamwater,43.4063,77.01521,21,8.3,750,370,4.01,0.019,0.01
52,08-07-19,06:30,7,BAL,KZ,UA101,reservoir,43.05687,76.98622,9,8.3,130,60,0.7,0.003,0.01
53,08-07-19,08:00,7,FPP,KZ,UA102,streamwater,43.19164,76.89008,10,8.5,150,70,0.73,0.013,0.02
54,08-07-19,08:55,7,Darhan,KZ,UA103,streamwater,43.31162,76.86975,15,8.2,190,90,0.83,0.011,0.01
55,08-07-19,10:00,7,Kazcik,KZ,UA104,streamwater,43.39003,76.88078,18,8.3,200,100,0.77,0.006,0.01
56,08-07-19,11:05,7,Kosozen (UA),KZ,UA105,streamwater,43.56118,76.90803,22,8.4,330,160,1.62,0.013,0.01
57,08-07-19,11:19,7,Kaskelen (Kas),KZ,Kas106,streamwater,43.56196,76.89783,21,8.3,460,230,1.46,0.012,0.01
58,08-07-19,13:15,7,Arna village,KZ,Kas107,streamwater,43.7784,77.13354,26,8.4,490,240,1.56,0.022,0.01
59,08-07-19,14:20,7,AgroBioCenter,KZ,G108,groundwater,43.46581,76.97755,14,8.4,200,100,0.61,0.022,0.01
60,08-07-19,12:06,7,Corn field,KZ,Ir1,irrigation ,657818,4818421,26,7.9,950,470,0.86,1.99,0.1
61,09-07-19,09:30,7,upstream of Almaty city,KZ,KA101,streamwater,43.17401,77.01527,9,8.1,170,80,0.86,0.008,0.01
62,09-07-19,10:05,7,"city, Makataeva-Kopernika str. Crossing",KZ,KA102,streamwater,43.25161,76.95948,13,8.2,190,90,0.98,0.009,0.02
63,09-07-19,10:55,7,Otegen Batyr village,KZ,KA103,streamwater,43.4063,77.01521,20,8.2,580,280,4.1,0.039,0.01
64,23-07-19,06:25,7,BAL,KZ,UA101,reservoir,43.05687,76.98622,10,8.5,120,60,0.61,0.008,0.01
65,23-07-19,08:00,7,FPP,KZ,UA102,streamwater,43.19164,76.89008,17,8.6,150,70,0.55,0.011,0.02
66,23-07-19,08:45,7,Darhan,KZ,UA103,streamwater,43.31162,76.86975,16,8.3,190,90,0.96,0.002,0.03
67,23-07-19,09:33,7,Kazcik,KZ,UA104,streamwater,43.39003,76.88078,19,8.3,230,110,1.06,0.011,0.01
68,23-07-19,10:35,7,Kosozen (UA),KZ,UA105,streamwater,43.56118,76.90803,23,8.5,420,200,2.12,0.007,0.02
69,23-07-19,10:55,7,Kaskelen (Kas),KZ,Kas106,streamwater,43.56196,76.89783,22,8.5,500,250,1.74,0.018,0.01
70,23-07-19,12:15,7,Arna village,KZ,Kas107,streamwater,43.7784,77.13354,25,8.5,450,220,2.09,0.028,0.01
71,23-07-19,13:21,7,AgroBioCenter,KZ,G108,groundwater,43.46581,76.97755,14,8.4,200,100,0.69,0.018,0.01
72,23-07-19,14:45,7,upstream of Almaty city,KZ,KA101,streamwater,43.17401,77.01527,13,8.4,150,70,0.88,0.012,0.01
73,23-07-19,15:13,7,"city, Makataeva-Kopernika str. Crossing",KZ,KA102,streamwater,43.25161,76.95948,15,8.5,170,80,0.87,0.016,0.01
74,23-07-19,15:37,7,Otegen Batyr village,KZ,KA103,streamwater,43.4063,77.01521,24,8.5,650,320,3.62,0.014,0.02
75,05-08-19,15:50,8,BAL,KZ,UA101,reservoir,43.05687,76.98622,10,8.2,110,50,0.75,0.009,0.01
76,05-08-19,16:24,8,FPP,KZ,UA102,streamwater,43.19164,76.89008,11,8.1,140,70,0.67,0.012,0.02
77,05-08-19,17:23,8,Darhan,KZ,UA103,streamwater,43.31162,76.86975,16,8.2,170,80,2.23,0.002,0.01
78,05-08-19,06:35,8,Kazcik,KZ,UA104,streamwater,43.39003,76.88078,18,8.2,200,100,1.3,0.011,0.01
79,05-08-19,08:25,8,Kosozen (UA),KZ,UA105,streamwater,43.56118,76.90803,23,8.3,390,190,2.01,0.016,0.02
80,05-08-19,09:15,8,Kaskelen (Kas),KZ,Kas106,streamwater,43.56196,76.89783,22,8.4,550,270,1.71,0.013,0.01
81,05-08-19,10:00,8,Arna village,KZ,Kas107,streamwater,43.7784,77.13354,26,8.4,510,250,2.62,0.021,0.01
82,05-08-19,11:05,8,AgroBioCenter,KZ,G108,groundwater,43.46581,76.97755,14,8.3,190,90,0.66,0.015,0.01
83,05-08-19,11:20,8,upstream of Almaty city,KZ,KA101,streamwater,43.17401,77.01527,14,8.2,140,70,0.8,0.011,0.01
84,05-08-19,12:44,8,"city, Makataeva-Kopernika str. Crossing",KZ,KA102,streamwater,43.25161,76.95948,15,8.4,160,80,0.88,0.019,0.02
85,05-08-19,14:15,8,Otegen Batyr village,KZ,KA103,streamwater,43.4063,77.01521,24,8.3,600,300,3.67,0.023,0.02
86,20-08-19,07:28,8,BAL,KZ,UA101,reservoir,43.05687,76.98622,7,8.3,110,50,0.59,0.013,0.01
87,20-08-19,08:25,8,FPP,KZ,UA102,streamwater,43.19164,76.89008,8,8.2,130,60,0.68,0.011,0.01
88,20-08-19,09:05,8,Darhan,KZ,UA103,streamwater,43.31162,76.86975,13,8.2,170,80,0.82,0.01,0.03
89,20-08-19,09:55,8,Kazcik,KZ,UA104,streamwater,43.39003,76.88078,15,8.2,200,100,0.81,0.002,0.02
90,20-08-19,10:56,8,Kosozen (UA),KZ,UA105,streamwater,43.56118,76.90803,18,8.2,280,130,1.5,0.005,0.01
91,20-08-19,11:17,8,Kaskelen (Kas),KZ,Kas106,streamwater,43.56196,76.89783,18,8.3,460,220,1.36,0.022,0.01
92,20-08-19,12:40,8,Arna village,KZ,Kas107,streamwater,43.7784,77.13354,21,8.3,370,180,1.65,0.041,0.01
93,20-08-19,14:40,8,AgroBioCenter,KZ,G108,groundwater,43.46581,76.97755,14,8.3,180,90,0.92,0.02,0.01
94,19-08-19,13:00,8,upstream of Almaty city,KZ,KA101,streamwater,43.17401,77.01527,9,8.1,140,70,0.94,0.01,0.01
95,19-08-19,13:33,8,"city, Makataeva-Kopernika str. Crossing",KZ,KA102,streamwater,43.25161,76.95948,11,8.2,170,80,0.92,0.008,0.01
96,19-08-19,14:22,8,Otegen Batyr village,KZ,KA103,streamwater,43.4063,77.01521,18,8.2,590,290,3.18,0.019,0.03
97,20-08-19,13:30,8,Kapshagay,KZ,Kapshagay,reservoir,43.79377,77.14736,24,8.5,470,230,1.16,0.007,0.01
98,02-09-19,15:57,9,upstream of Almaty city,KZ,KA101,streamwater,43.17401,77.01527,11,8.1,150,80,0.96,0.004,0.02
99,02-09-19,16:28,9,"city, Makataeva-Kopernika str. Crossing",KZ,KA102,streamwater,43.25161,76.95948,13,8.3,190,90,0.9,0.012,0.02
100,02-09-19,17:15,9,Otegen Batyr village,KZ,KA103,streamwater,43.4063,77.01521,19,8.5,660,320,3.54,0.012,0.04
101,03-09-19,08:00,9,BAL,KZ,UA101,reservoir,43.05687,76.98622,9,8,130,60,0.72,0.008,0.01
102,03-09-19,08:57,9,FPP,KZ,UA102,streamwater,43.19164,76.89008,8,8.1,160,80,0.81,0.006,0.02
103,03-09-19,09:45,9,Darhan,KZ,UA103,streamwater,43.31162,76.86975,15,8.2,200,100,0.94,0.01,0.01
104,03-09-19,10:41,9,Kazcik,KZ,UA104,streamwater,43.39003,76.88078,16,8.2,240,120,1.01,0.006,0.02
105,03-09-19,11:45,9,Kosozen (UA),KZ,UA105,streamwater,43.56118,76.90803,19,8.3,380,190,2.05,0.003,0.02
106,03-09-19,12:05,9,Kaskelen (Kas),KZ,Kas106,streamwater,43.56196,76.89783,19,8.4,600,300,1.41,0.01,0.02
107,03-09-19,13:33,9,Arna village,KZ,Kas107,streamwater,43.7784,77.13354,22,8.4,580,280,1.9,0.017,0.02
108,03-09-19,14:36,9,AgroBioCenter,KZ,G108,groundwater,43.47,76.97755,14,8.3,210,100,0.68,0.025,0.02
109,16-09-19,12:51,9,upstream of Almaty city,KZ,KA101,streamwater,43.17401,77.01527,9,8.2,190,90,0.9,0.013,0.01
110,16-09-19,13:17,9,"city, Makataeva-Kopernika str. Crossing",KZ,KA102,streamwater,43.25161,76.95948,11,8.4,210,100,0.94,0.018,0.03
111,16-09-19,14:03,9,Otegen Batyr village,KZ,KA103,streamwater,43.4063,77.01521,17,8.3,650,320,3.45,0.025,0.01
112,17-09-19,07:23,9,BAL,KZ,UA101,reservoir,43.05687,76.98622,7,8.1,130,60,0.68,0.012,0.02
113,17-09-19,08:20,9,FPP,KZ,UA102,streamwater,43.19164,76.89008,8,8.1,170,80,0.76,0.011,0.02
114,17-09-19,09:15,9,Darhan,KZ,UA103,streamwater,43.31162,76.86975,13,8.1,200,100,1.08,0.017,0.02
115,17-09-19,09:52,9,Kazcik,KZ,UA104,streamwater,43.39003,76.88078,14,8,260,130,1.21,0.016,0.02
116,17-09-19,10:48,9,Kosozen (UA),KZ,UA105,streamwater,43.56118,76.90803,16,8.2,430,210,2.45,0.007,0.01
117,17-09-19,11:03,9,Kaskelen (Kas),KZ,Kas106,streamwater,43.56196,76.89783,16,8.3,620,310,1.56,0.016,0.01
118,17-09-19,12:20,9,Arna village,KZ,Kas107,streamwater,43.7784,77.13354,18,8,490,240,1.88,0.033,0.02
119,17-09-19,13:08,9,AgroBioCenter,KZ,G108,groundwater,43.47,76.97755,14,8.2,180,90,0.97,0.028,0.01
120,01-10-19,06:40,10,BAL,KZ,UA101,reservoir,43.05687,76.98622,6,8.1,130,60,0.57,0,0.01
121,01-10-19,08:00,10,FPP,KZ,UA102,streamwater,43.19164,76.89008,10,7.9,310,150,0.2,0.004,0.02
122,01-10-19,09:00,10,Darhan,KZ,UA103,streamwater,43.31162,76.86975,11,8,210,100,0.74,0.001,0.02
123,01-10-19,09:45,10,Kazcik,KZ,UA104,streamwater,43.39003,76.88078,11,7.6,240,120,0.81,0.005,0.02
124,01-10-19,10:42,10,Kosozen (UA),KZ,UA105,streamwater,43.56118,76.90803,12,8.1,440,220,2.79,0.004,0.01
125,01-10-19,11:05,10,Kaskelen (Kas),KZ,Kas106,streamwater,43.56196,76.89783,13,8.3,620,310,1.4,0,0.02
126,01-10-19,12:15,10,Arna village,KZ,Kas107,streamwater,43.7784,77.13354,13,8.2,660,330,2.12,0.019,0.01
127,01-10-19,13:10,10,AgroBioCenter,KZ,G108,groundwater,43.47,76.97755,13,8.2,210,100,0.78,0.015,0.01
128,01-10-19,14:33,10,upstream of Almaty city,KZ,KA101,streamwater,43.17401,77.01527,7,8.1,200,100,0.83,0.007,0.01
129,01-10-19,15:05,10,"city, Makataeva-Kopernika str. Crossing",KZ,KA102,streamwater,43.25161,76.95948,8,8.2,240,110,0.92,0.003,0.02
130,01-10-19,15:50,10,Otegen Batyr village,KZ,KA103,streamwater,43.4063,77.01521,12,8.3,640,320,3.23,0.009,0.02
1,19-06-19,13:10,6,Alplager,KG,streamflow,streamwater,42.565388,74.479548,11,7.2,50,20,0.8,0.003,0.01
2,19-06-19,14:55,6,Baityk,KG,streamflow,streamwater,42.630273,74.491362,12,7.8,100,50,0.86,0,0.01
3,19-06-19,15:37,6,Zarechnoe,KG,streamflow,streamwater,42.647609,74.495405,21,8.1,16,70,0.82,0.014,0
4,19-06-19,16:48,6,Bridge,KG,streamflow,streamwater,42.758631,74.571057,23,8.2,790,390,4.01,0.122,0.04
5,19-06-19,17:21,6,Lake,KG,reservoir,reservoir,42.971494,74.602249,26,8.5,410,200,,,
6,05-07-19,13:15,7,Alplager,KG,streamflow,streamwater,42.565388,74.479548,11,7.3,40,20,0.38,0.009,0.07
7,05-07-19,13:29,7,Radnik,KG,"spring, GW",groundwater,42.630273,74.491362,14,8.1,180,90,0.68,0.017,0.07
8,05-07-19,14:30,7,Baityk,KG,streamflow,streamwater,42.647609,74.495405,14,7.5,50,20,0.71,0.007,0.07
9,05-07-19,15:45,7,Zarechnoe,KG,streamflow,streamwater,42.758631,74.571057,18,7.8,90,40,2.46,0.004,0.07
10,05-07-19,18:20,7,Bridge,KG,streamflow,streamwater,42.950108,74.592261,25,8,740,370,3.63,0.092,0.07
11,05-07-19,18:56,7,Lake,KG,reservoir,reservoir,42.971494,74.602249,29,8.2,540,270,0.39,0.022,0.07
12,16-07-19,11:11,7,Alplager,KG,streamflow,streamwater,42.565388,74.479548,10,7.2,30,10,0.63,0.063,0.07
13,16-07-19,11:35,7,Baityk,KG,streamflow,streamwater,42.630273,74.491362,10,7.4,50,20,0.78,0.05,0.07
14,16-07-19,12:40,7,Zarechnoe,KG,streamflow,streamwater,42.647609,74.495405,18,7.6,100,50,0.75,0.049,0.07
15,16-07-19,14:30,7,Bridge,KG,streamflow,streamwater,42.758631,74.571057,27,8.2,720,360,3.38,0.206,0.07
16,05-08-19,14:30,8,Alplager,KG,streamflow,streamwater,42.565388,74.479548,11,7.3,40,20,0.55,0.013,0.07
17,05-08-19,15:00,8,Radnik,KG,"spring, GW",groundwater,42.630273,74.491362,16,8.1,200,100,0.69,0.011,0.07
18,05-08-19,15:15,8,Baityk,KG,streamflow,streamwater,42.647609,74.495405,13,7.6,50,20,0.83,0.008,0.07
19,05-08-19,16:40,8,Zarechnoe,KG,streamflow,streamwater,42.758631,74.571057,19,7.7,90,40,0.58,0.012,0.07
20,05-08-19,17:30,8,Bridge,KG,streamflow,streamwater,42.950108,74.592261,25,7.8,550,270,0.87,0.107,0.07
21,05-08-19,18:00,8,Lake,KG,reservoir,reservoir,42.971494,74.602249,26,7.4,690,340,3.12,0.024,0.08
22,16-08-19,14:35,8,Alplager,KG,streamflow,streamwater,42.565388,74.479548,7,7.1,50,20,0.56,0.014,0.07
23,16-08-19,14:55,8,Baityk,KG,streamflow,streamwater,42.630273,74.491362,9,7.2,50,20,0.59,0.01,0.07
24,16-08-19,15:35,8,Zarechnoe,KG,streamflow,streamwater,42.647609,74.495405,13,7.5,80,40,0.64,0.013,0.07
25,16-08-19,16:04,8,Bridge,KG,streamflow,streamwater,42.758631,74.571057,20,8.1,520,250,2.83,0.104,0.07
26,16-08-19,19:16,8,well,KG,groundwater,groundwater,,,13,7.3,680,330,11.2,0.017,0.07
30,04-09-19,10:05,9,Alplager,KG,streamflow,streamwater,42.565388,74.479548,6,7.1,50,20,0.43,0.023,0.03
31,04-09-19,10:26,9,Radnik,KG,"spring, GW",groundwater,42.630273,74.491362,9,7.9,210,100,0.57,0.006,0.01
32,04-09-19,10:37,9,Baityk,KG,streamflow,streamwater,42.647609,74.495405,7,7.4,70,30,0.57,0.005,0.03
33,04-09-19,11:00,9,Zarechnoe,KG,streamflow,streamwater,42.758631,74.571057,13,7.6,110,50,0.57,0.006,0.02
34,04-09-19,12:18,9,Bridge,KG,streamflow,streamwater,42.950108,74.592261,18,7.9,700,340,2.67,0.123,0.05
35,04-09-19,12:40,9,Lake,KG,reservoir,reservoir,42.971494,74.602249,18,7.5,720,350,1.41,0.201,0.07
36,18-09-19,13:55,9,Alplager,KG,streamflow,streamwater,42.565388,74.479548,11,7.7,60,30,0.73,0.003,0.07
37,18-09-19,13:00,9,Baityk,KG,streamflow,streamwater,42.630273,74.491362,12,7.9,90,40,0.71,0.006,0.07
38,18-09-19,15:30,9,Zarechnoe,KG,streamflow,streamwater,42.647609,74.495405,19,8.1,140,70,0.69,0.006,0.06
39,18-09-19,17:00,9,Bridge,KG,streamflow,streamwater,42.758631,74.571057,19,8.1,340,170,1.81,0.029,0.07
40,18-09-19,17:30,9,well,KG,groundwater,groundwater,,,13,7.3,630,310,11.2,0.098,0.07
41,04-10-19,14:35,10,Alplager,KG,streamflow,streamwater,42.565388,74.479548,8,7.3,70,30,0.8,0.342,0.07
42,04-10-19,15:12,10,Radnik,KG,"spring, GW",groundwater,42.630273,74.491362,9,8.1,200,100,0.48,1.86,0.07
43,04-10-19,15:37,10,Baityk,KG,streamflow,streamwater,42.647609,74.495405,10,7.8,100,50,0.38,0.741,0.07
44,04-10-19,16:20,10,Zarechnoe,KG,streamflow,streamwater,42.758631,74.571057,12,7.6,110,60,0.97,0.323,0.07
45,04-10-19,18:00,10,Bridge,KG,streamflow,streamwater,42.950108,74.592261,15,8.1,330,160,1.96,0.304,0.07
46,04-10-19,18:40,10,Lake,KG,reservoir,reservoir,42.971494,74.602249,14,8,360,180,1.9,0.32,0.07
47,17-10-19,11:42,10,Alplager,KG,streamflow,streamwater, 42.565388?, 74.479548?,5,7.6,70,30,0.552,0.008,0.071
48,17-10-19,12:13,10,Baityk,KG,streamflow,streamwater, 42.647609?, 74.495405?,6,7.6,120,50,0.38,0.517,0.071
49,17-10-19,12:53,10,Zarechnoe,KG,streamflow,streamwater, 42.758631?, 74.571057?,10,7.7,130,60,0.511,0.257,0.072
50,17-10-19,15:15,10,Bridge,KG,streamflow,reservoir, 42.950108?, 74.592261?,14,8.1,320,160,1.61,0.244,0.071
1,03-06-19,13:14,6,"Pskem river, Mulala gaging station",UZ,muddy water,streamwater,41.771928,70.190761,11,8.2,160,80,0.57,,0
2,03-06-19,14:35,6,"Chircik river, downstream Charvak reserv. Dam",UZ,clear water,streamwater,41.630271,69.953152,14,8.3,190,90,0.7,,
3,03-06-19,14:57,6,"Spring on left bank of Chirhik, Hodjakent vil.",UZ,clear water,groundwater,41.622935,69.940481,15,8,260,130,1.24,,0
4,03-06-19,15:30,6,"Chircik river, downstream Gazalkent town",UZ,clear water,streamwater,41.52991,69.68849,19,7.6,580,290,2.01,,0.01
5,03-06-19,15:55,6,"Chirhik river, near Chirchik town",UZ,clear water,streamwater,41.430512,69.582846,15,8.4,210,100,0.64,,0
6,03-06-19,16:58,6,Chirchik river near Tashkent,UZ,clear water,streamwater,41.262264,69.375302,19,8.2,240,120,1.48,,0.02
7,03-06-19,18:10,6,"Chirhik river, downstream Tashkent town",UZ,clear water,streamwater,41.168056,69.231661,20,8,280,140,1.75,,0.01
8,03-06-19,19:10,6,Chirchik river near inflow to Syrdarya river,UZ,muddy water,streamwater,40.900364,68.709182,23,8,500,250,2.03,0.06,
9,16-06-19,13:14,6,"Pskem river, Mulala gaging station",UZ,clear water,streamwater,41.771928,70.190761,12,8.2,150,70,0.55,,0
10,16-06-19,14:35,6,"Chircik river, downstream Charvak reserv. Dam",UZ,clear water,streamwater,41.630271,69.953152,14,8.3,180,90,0.58,,
11,16-06-19,14:57,6,"Spring on left bank of Chirhik, Hodjakent vil.",UZ,clear water,groundwater,41.622935,69.940481,16,8.1,260,120,1.07,,
12,16-06-19,15:30,6,"Chircik river, downstream Gazalkent town",UZ,clear water,streamwater,41.52991,69.68849,18,8.2,150,70,1.13,0.12,
13,16-06-19,15:55,6,"Chirhik river, near Chirchik town",UZ,clear water,streamwater,41.430512,69.582846,18,8.4,210,140,0.79,,
14,16-06-19,16:58,6,Chirchik river near Tashkent,UZ,muddy water,streamwater,41.262264,69.375302,21,7.9,460,230,5.16,,
15,16-06-19,18:10,6,"Chirhik river, downstream Tashkent town",UZ,clear water,streamwater,41.168056,69.231661,28,7.8,510,250,4.71,,0
16,16-06-19,19:10,6,Chirchik river near inflow to Syrdarya river,UZ,muddy water,streamwater,40.900364,68.709182,25,8.1,810,400,2.57,2.67,0
17,02-07-19,12:45,7,"Pskem river, Mulala gaging station",UZ,muddy water,streamwater,41.771928,70.190761,12,8.2,140,70,0.64,,0.05
18,02-07-19,13:45,7,"Chircik river, downstream Charvak reserv. Dam",UZ,clear water,streamwater,41.630271,69.953152,13,8.3,170,80,0.63,,0.05
19,02-07-19,15:15,7,"Spring on left bank of Chirhik, Hodjakent vil.",UZ,clear water,groundwater,41.622935,69.940481,16,8.2,250,120,6.73,,0.05
20,02-07-19,16:30,7,"Chircik river, downstream Gazalkent town",UZ,clear water,streamwater,41.52991,69.68849,18,8.2,240,120,3.58,,0.04
21,02-07-19,15:10,7,"Chirhik river, near Chirchik town",UZ,clear water,streamwater,41.430512,69.582846,18,8.3,200,100,0.74,,0.05
22,02-07-19,17:10,7,Chirchik river near Tashkent,UZ,clear water,streamwater,41.262264,69.375302,27,8.5,390,190,4.44,0.06,0.06
23,02-07-19,18:20,7,"Chirhik river, downstream Tashkent town",UZ,clear water,streamwater,41.168056,69.231661,26,8.1,490,240,4.17,,0.06
24,02-07-19,19:10,7,Chirchik river near inflow to Syrdarya river,UZ,clear water,streamwater,40.900364,68.709182,27,8,800,390,1.92,0.02,0.06
25,31-07-19,12:30,7,"Pskem river, Mulala gaging station",UZ,streamwater,streamwater,41.771928,70.190761,13,8.1,160,70,0.57,0.01,0
26,31-07-19,13:50,7,"Chircik river, downstream Charvak reserv. Dam",UZ,streamwater,streamwater,41.630271,69.953152,15,8.4,170,80,0.39,0.01,0
27,31-07-19,14:10,7,"Spring on left bank of Chirhik, Hodjakent vil.",UZ,"springwater, GW",groundwater,41.622935,69.940481,16,8.2,270,130,1.77,0.02,
28,31-07-19,15:55,7,"Chircik river, downstream Gazalkent town",UZ,streamwater,streamwater,41.52991,69.68849,17,8,260,130,0.81,0.01,
29,31-07-19,16:20,7,"Chirhik river, near Chirchik town",UZ,streamwater,streamwater,41.430512,69.582846,20,8.4,190,90,0.56,0,0
30,31-07-19,10:30,7,Chirchik river near Tashkent,UZ,streamwater,streamwater,41.262264,69.375302,24,7.9,510,250,4.47,0.08,0.01
31,31-07-19,09:10,7,"Chirhik river, downstream Tashkent town",UZ,streamwater,streamwater,41.168056,69.231661,23,7.7,610,300,4.76,0.01,0
32,31-07-19,08:10,7,Chirchik river near inflow to Syrdarya river,UZ,streamwater,streamwater,40.900364,68.709182,27,8,880,430,0.84,0.07,0.02
35,15-08-19,,8,"Pskem river, Mulala gaging station",UZ,streamwater,streamwater,41.771928,70.190761,11,8.3,150,70,0.45,,0
36,15-08-19,,8,"Chircik river, downstream Charvak reserv. Dam",UZ,streamwater,streamwater,41.630271,69.953152,17,8.8,170,80,0.41,,0
37,15-08-19,,8,"Spring on left bank of Chirhik, Hodjakent vil.",UZ,"springwater, GW",groundwater,41.622935,69.940481,16,8.3,200,130,1.07,,0
38,15-08-19,,8,"Chircik river, downstream Gazalkent town",UZ,streamwater,streamwater,41.52991,69.68849,19,7.9,640,320,2.37,0.29,0
39,15-08-19,,8,"Chirhik river, near Chirchik town",UZ,streamwater,streamwater,41.430512,69.582846,17,8.4,200,100,0.64,0.06,0
40,15-08-19,,8,Chirchik river near Tashkent,UZ,streamwater,streamwater,41.262264,69.375302,23,8.5,420,210,5.31,,0
41,15-08-19,,8,"Chirhik river, downstream Tashkent town",UZ,streamwater,streamwater,41.168056,69.231661,25,8.1,560,270,4.98,,0.03
42,15-08-19,,8,Chirchik river near inflow to Syrdarya river,UZ,streamwater,streamwater,40.900364,68.709182,28,7.8, ,500,0.96,0.01,0
45,15-08-19,,8,Bore hole near Yangiyul,UZ,groundwater,groundwater,41.09439,69.05308,23,7.4,810,420,5.64,0.78,0
45,05-09-19,14:30,9,"Pskem river, Mulala gaging station",UZ,streamwater,streamwater,41.771928,70.190761,14,8.3,160,80,0.5,4.41,0.01
47,05-09-19,15:50,9,"Chircik river, downstream Charvak reserv. Dam",UZ,streamwater,streamwater,41.630271,69.953152,17,8.5,160,80,0.41,2.37,0
48,05-09-19,13:00,9,"Spring on left bank of Chirhik, Hodjakent vil.",UZ,"springwater, GW",groundwater,41.622935,69.940481,16,8.2,260,120,1.06,2,0
49,05-09-19,16:23,9,"Chircik river, downstream Gazalkent town",UZ,streamwater,streamwater,41.52991,69.68849,21,8.1,520,250,2.74,2.92,0.02
50,05-09-19,12:35,9,"Chirhik river, near Chirchik town",UZ,streamwater,streamwater,41.430512,69.582846,20,8.3,230,110,0.88,2.92,0
51,05-09-19,18:25,9,Chirchik river near Tashkent,UZ,streamwater,streamwater,41.262264,69.375302,24,8.7,450,220,5.39,2.86,0.03
52,05-09-19,11:00,9,"Chirhik river, downstream Tashkent town",UZ,streamwater,streamwater,41.168056,69.231661,21,8,560,280,4.17,2.16,0.02
53,05-09-19,09:40,9,Chirchik river near inflow to Syrdarya river,UZ,streamwater,streamwater,40.900364,68.709182,23,8,990,480,2.26,3.27,0.05
54,05-09-19,10:30,9,Bore hole near Yangiyul,UZ,groundwater,groundwater,41.09439,69.05308,22,7.4,870,430,5.5,1.32,0.01
55,24-09-19,12:40,9,"Pskem river, Mulala gaging station",UZ,streamwater,streamwater,41.771928,70.190761,13,8.2,180,90,0.52,0.01,0
56,24-09-19,13:25,9,"Chircik river, downstream Charvak reserv. Dam",UZ,streamwater,streamwater,41.630271,69.953152,18,8.5,180,90,0.364,0.01,0.01
57,24-09-19,13:40,9,"Spring on left bank of Chirhik, Hodjakent vil.",UZ,"springwater, GW",groundwater,41.622935,69.940481,16,8.2,270,140,1.07,0.03,0.01
58,24-09-19,14:45,9,"Chircik river, downstream Gazalkent town",UZ,streamwater,streamwater,41.52991,69.68849,19,7.9,490,240,2.53,0.01,0
59,24-09-19,15:00,9,"Chirhik river, near Chirchik town",UZ,streamwater,streamwater,41.430512,69.582846,20,8.4,280,140,1.09,0.01,0.01
60,24-09-19,15:40,9,Chirchik river near Tashkent,UZ,streamwater,streamwater,41.262264,69.375302,23,8.3,460,230,6.19,0.1,0.01
61,24-09-19,16:10,9,"Chirhik river, downstream Tashkent town",UZ,streamwater,streamwater,41.168056,69.231661,24,7.9,530,260,3.84,0.16,0.01
62,24-09-19,18:10,9,Chirchik river near inflow to Syrdarya river,UZ,streamwater,streamwater,40.900364,68.709182,23,7.9,870,440,3.06,0.13,0.01
1,23-07-19,08:40,7,Maykhura river,TJ,"MH1, stream water",streamwater,39.026767,68.784795,7,8.2,170,80,0.46,0.006,0.02
2,23-07-19,10:00,7,"Varzob river, Gauging station",TJ,"GP2, streamwater",streamwater,38.872408,68.832686,9,8.1,110,60,0.54,0.014,0.01
3,23-07-19,11:20,7,Luchob river,TJ,"LU3, streamflow",streamwater,38.587298,68.771622,22,8.2,110,50,0.44,0.006,0.02
4,23-07-19,14:50,7,Kafarnigan river,TJ,"KF3, streamflow",streamwater,38.493434,68.783604,19,8,110,60,0.63,0.009,0.02
5,23-07-19,13:15,7,"South-East water uptake,  drinking water facility",TJ,"GWP4, groundwater",groundwater,38.522381,68.720056,22,7.2,460,220,5.82,0.006,0.01
6,23-07-19,15:09,7,Potable water well,TJ,"GWP6, groundwater",groundwater,38.489616,68.785221,21,6.9,700,350,10,0.006,0.02
7,07-08-19,08:30,8,Maykhura river,TJ,"MH1, stream water",streamwater,39.026767,68.784795,8,8.2,150,80,0.56,0.025,0.01
8,07-08-19,09:22,8,"Varzob river, Gauging station",TJ,"GP2, streamwater",streamwater,38.872408,68.832686,10,8.1,110,60,0.47,0.009,0.01
9,07-08-19,10:48,8,Luchob river,TJ,"LU3, streamflow",streamwater,38.587298,68.771622,23,8.3,130,60,0.34,0.023,0.01
10,07-08-19,13:09,8,Kafarnigan river,TJ,"KF3, streamflow",streamwater,38.493434,68.783604,20,7.4,280,140,2.59,0.017,0.03
11,07-08-19,11:30,8,"South-East water uptake,  drinking water facility",TJ,"GWP4, groundwater",groundwater,38.522381,68.720056,21,7.3,570,300,6.03,0.023,0.02
12,07-08-19,11:30,8,Potable water well,TJ,"GWP6, groundwater",groundwater,38.489616,68.785221,19,6.9,900,460,16.7,0.021,0.02
13,21-08-19,08:04,8,Maykhura river,TJ,"MH1, stream water",streamwater,39.026767,68.784795,7,8.3,180,90,0.37,0.017,0.1
14,21-08-19,08:52,8,"Varzob river, Gauging station",TJ,"GP2, streamwater",streamwater,38.872408,68.832686,10,8.2,120,60,0.42,0.011,0.1
15,21-08-19,09:54,8,Luchob river,TJ,"LU3, streamflow",streamwater,38.587298,68.771622,19,8.4,180,90,0.49,0.018,0.1
16,21-08-19,12:22,8,Kafarnigan river,TJ,"KF3, streamflow",streamwater,38.493434,68.783604,18,7.3,390,200,2.07,0.013,0.1
17,21-08-19,11:36,8,"South-East water uptake,  drinking water facility",TJ,"GWP4, groundwater",groundwater,38.522381,68.720056,19,7.2,580,300,6.23,0.018,0.1
18,21-08-19,12:46,8,Potable water well,TJ,"GWP6, groundwater",groundwater,38.489616,68.785221,20,7,900,450,14.9,0.021,0.14
19,06-09-19,09:08,9,Maykhura river,TJ,"MH1, stream water",streamwater,39.026767,68.784795,8,8.3,170,80,0.45,0.011,0.01
20,06-09-19,10:07,9,"Varzob river, Gauging station",TJ,"GP2, streamwater",streamwater,38.872408,68.832686,9,8.6,150,70,0.32,0.021,0.01
21,06-09-19,11:20,9,Luchob river,TJ,"LU3, streamflow",streamwater,38.587298,68.771622,20,8.6,220,110,0.55,0.016,0.01
22,06-09-19,12:46,9,Kafarnigan river,TJ,"KF3, streamflow",streamwater,38.493434,68.783604,18,7.8,290,140,0.21,0.016,0.11
23,06-09-19,11:50,9,"South-East water uptake,  drinking water facility",TJ,"GWP4, groundwater",groundwater,38.522381,68.720056,18,7.4,570,280,6.1,0.022,0.11
24,06-09-19,13:04,9,Potable water well,TJ,"GWP6, groundwater",groundwater,38.489616,68.785221,20,7,900,450,15,0.024,0.22
25,24-09-19,08:40,9,Maykhura river,TJ,"MH1, stream water",streamwater,39.026767,68.784795,8,8.2,180,90,0.42,0.024,0.1
26,24-09-19,09:24,9,"Varzob river, Gauging station",TJ,"GP2, streamwater",streamwater,38.872408,68.832686,11,8.1,140,70,0.4,0.02,0.1
27,24-09-19,10:30,9,Luchob river,TJ,"LU3, streamflow",streamwater,38.587298,68.771622,20,8.3,250,120,0.52,0.017,0.11
28,24-09-19,12:20,9,Kafarnigan river,TJ,"KF3, streamflow",streamwater,38.493434,68.783604,19,7.8,340,160,3.09,0.017,0.11
29,24-09-19,,9,"South-East water uptake,  drinking water facility",TJ,"GWP4, groundwater",groundwater,38.522381,68.720056,20,7.3,570,290,5.67,0.021,0.11
30,24-09-19,12:45,9,Potable water well,TJ,"GWP6, groundwater",groundwater,38.489616,68.785221,22,6.8,900,450,13.9,0.022,0.2
31,09-10-19,09:45,10,Maykhura river,TJ,"MH1, stream water",streamwater,39.026767,68.784795,8,8.3,200,100,0.49,0.023,0.12
32,09-10-19,10:45,10,"Varzob river, Gauging station",TJ,"GP2, streamwater",streamwater,38.872408,68.832686,10,8.1,150,70,0.53,0.019,0.13
33,09-10-19,11:50,10,Luchob river,TJ,"LU3, streamflow",streamwater,38.587298,68.771622,17,8.5,260,130,0.69,0.025,0.12
34,09-10-19,13:34,10,Kafarnigan river,TJ,"KF3, streamflow",streamwater,38.493434,68.783604,18,7.9,290,140,2.04,0.033,0.1
35,09-10-19,13:02,10,"South-East water uptake,  drinking water facility",TJ,"GWP4, groundwater",groundwater,38.522381,68.720056,19,7.2,620,310,6.23,0.033,0.1
36,09-10-19,13:52,10,Potable water well,TJ,"GWP6, groundwater",groundwater,38.489616,68.785221,20,6.9,860,430,11.1,0.018,0.17
37,23-10-19,09:36,10,Maykhura river,TJ,"MH1, stream water",streamwater,39.026767,68.784795,7,8.3,210,100,0.503,0.026,0.1
38,23-10-19,10:12,10,"Varzob river, Gauging station",TJ,"GP2, streamwater",streamwater,38.872408,68.832686,8,8,180,90,0.594,0.016,0.1
39,23-10-19,11:06,10,Luchob river,TJ,"LU3, streamflow",streamwater,38.587298,68.771622,14,8.3,260,130,0.711,0.019,0.1
40,23-10-19,13:05,10,Kafarnigan river,TJ,"KF3, streamflow",streamwater,38.493434,68.783604,15,7.5,360,190,2.42,0.029,0.1
41,23-10-19,12:30,10,"South-East water uptake,  drinking water facility",TJ,"GWP4, groundwater",groundwater,38.522381,68.720056,17,7.2,650,320,6.13,0.019,0.1
42,23-10-19,13:30,10,Potable water well,TJ,"GWP6, groundwater",groundwater,38.489616,68.785221,19,6.8,890,440,11,0.019,0.16
